file,status,start,end,error
600.csv,found,63500.0,71000.0,
445.csv,found,77500.0,85000.0,
885.csv,found,41500.0,49000.0,
269.csv,found,48500.0,56000.0,
733.csv,found,34000.0,41500.0,
398.csv,found,86000.0,93500.0,
861.csv,found,28000.0,35500.0,
49.csv,found,16000.0,23500.0,
859.csv,found,39000.0,46500.0,
298.csv,found,132500.0,140000.0,
99.csv,found,48500.0,56000.0,
613.csv,found,69000.0,76500.0,
42.csv,found,26500.0,34000.0,
50.csv,found,28000.0,35500.0,
158.csv,error,,,index 118000 is out of bounds for axis 0 with size 118000
1033.csv,found,32000.0,39500.0,
443.csv,found,14000.0,21500.0,
244.csv,found,45000.0,52500.0,
145.csv,found,67000.0,74500.0,
414.csv,not_found,,,
503.csv,found,93500.0,101000.0,
276.csv,found,74500.0,82000.0,
789.csv,found,49500.0,57000.0,
534.csv,found,119000.0,126500.0,
128.csv,found,103000.0,110500.0,
1009.csv,found,48000.0,55500.0,
400.csv,found,106500.0,114000.0,
888.csv,found,15000.0,22500.0,
651.csv,found,94500.0,102000.0,
72.csv,found,49500.0,57000.0,
82.csv,found,36500.0,44000.0,
969.csv,found,49000.0,56500.0,
385.csv,found,84000.0,91500.0,
736.csv,found,29000.0,36500.0,
1006.csv,found,46000.0,53500.0,
304.csv,found,27500.0,35000.0,
22.csv,found,42500.0,50000.0,
93.csv,found,70000.0,77500.0,
154.csv,found,38000.0,45500.0,
753.csv,error,,,index 60000 is out of bounds for axis 0 with size 60000
41.csv,found,30500.0,38000.0,
65.csv,found,19000.0,26500.0,
34.csv,found,34000.0,41500.0,
1032.csv,found,18000.0,25500.0,
1018.csv,found,135000.0,142500.0,
781.csv,found,79500.0,87000.0,
468.csv,found,57500.0,65000.0,
856.csv,found,17500.0,25000.0,
24.csv,found,42000.0,49500.0,
359.csv,found,60000.0,67500.0,
681.csv,found,22500.0,30000.0,
694.csv,found,32000.0,39500.0,
192.csv,found,54500.0,62000.0,
511.csv,error,,,index 143000 is out of bounds for axis 0 with size 143000
2.csv,found,19000.0,26500.0,
169.csv,found,86000.0,93500.0,
146.csv,found,138500.0,146000.0,
246.csv,found,78000.0,85500.0,
778.csv,found,29000.0,36500.0,
614.csv,found,99000.0,106500.0,
142.csv,found,63000.0,70500.0,
305.csv,error,,,index 100000 is out of bounds for axis 0 with size 100000
131.csv,found,76000.0,83500.0,
342.csv,found,34500.0,42000.0,
1002.csv,not_found,,,
770.csv,found,44500.0,52000.0,
896.csv,found,22500.0,30000.0,
920.csv,found,17000.0,24500.0,
449.csv,found,54500.0,62000.0,
260.csv,found,102500.0,110000.0,
710.csv,found,62500.0,70000.0,
51.csv,found,2500.0,10000.0,
628.csv,found,57000.0,64500.0,
518.csv,found,102000.0,109500.0,
729.csv,error,,,index 60000 is out of bounds for axis 0 with size 60000
577.csv,found,76000.0,83500.0,
697.csv,error,,,index 60000 is out of bounds for axis 0 with size 60000
937.csv,found,42500.0,50000.0,
772.csv,found,52000.0,59500.0,
743.csv,found,21000.0,28500.0,
924.csv,found,34500.0,42000.0,
802.csv,found,41500.0,49000.0,
768.csv,error,,,index 60000 is out of bounds for axis 0 with size 60000
340.csv,found,33000.0,40500.0,
960.csv,not_found,,,
1010.csv,error,,,index 60000 is out of bounds for axis 0 with size 60000
715.csv,found,32000.0,39500.0,
194.csv,found,100500.0,108000.0,
541.csv,found,63000.0,70500.0,
607.csv,found,109000.0,116500.0,
559.csv,found,142000.0,149500.0,
68.csv,found,11000.0,18500.0,
887.csv,found,11000.0,18500.0,
706.csv,found,14000.0,21500.0,
636.csv,found,49500.0,57000.0,
280.csv,error,,,index 121000 is out of bounds for axis 0 with size 121000
1051.csv,found,112500.0,120000.0,
455.csv,found,92000.0,99500.0,
866.csv,found,27000.0,34500.0,
96.csv,found,49000.0,56500.0,
1052.csv,found,131000.0,138500.0,
434.csv,error,,,index 124000 is out of bounds for axis 0 with size 124000
30.csv,not_found,,,
645.csv,error,,,index 106000 is out of bounds for axis 0 with size 106000
902.csv,error,,,index 90000 is out of bounds for axis 0 with size 90000
843.csv,error,,,index 60000 is out of bounds for axis 0 with size 60000
881.csv,found,44500.0,52000.0,
485.csv,found,110000.0,117500.0,
309.csv,found,68500.0,76000.0,
1041.csv,found,43000.0,50500.0,
95.csv,found,30000.0,37500.0,
583.csv,not_found,,,
467.csv,found,110000.0,117500.0,
254.csv,found,45000.0,52500.0,
914.csv,found,141500.0,149000.0,
886.csv,found,19000.0,26500.0,
648.csv,found,105500.0,113000.0,
297.csv,found,59500.0,67000.0,
911.csv,found,35500.0,43000.0,
111.csv,error,,,index 50000 is out of bounds for axis 0 with size 50000
322.csv,found,66500.0,74000.0,
1037.csv,found,30000.0,37500.0,
186.csv,found,3500.0,11000.0,
1013.csv,found,2500.0,10000.0,
599.csv,found,97500.0,105000.0,
174.csv,found,118000.0,125500.0,
889.csv,found,12000.0,19500.0,
698.csv,error,,,index 60000 is out of bounds for axis 0 with size 60000
532.csv,found,76500.0,84000.0,
575.csv,found,69500.0,77000.0,
62.csv,found,24000.0,31500.0,
331.csv,found,114500.0,122000.0,
475.csv,found,84000.0,91500.0,
43.csv,found,28500.0,36000.0,
589.csv,found,74000.0,81500.0,
786.csv,error,,,index 150000 is out of bounds for axis 0 with size 150000
936.csv,found,41000.0,48500.0,
930.csv,found,500.0,8000.0,
1024.csv,found,15000.0,22500.0,
514.csv,found,42500.0,50000.0,
823.csv,found,47000.0,54500.0,
373.csv,found,92500.0,100000.0,
195.csv,found,77500.0,85000.0,
627.csv,found,54000.0,61500.0,
1050.csv,found,114000.0,121500.0,
601.csv,found,106000.0,113500.0,
78.csv,not_found,,,
919.csv,found,50000.0,57500.0,
700.csv,found,51000.0,58500.0,
220.csv,found,111500.0,119000.0,
285.csv,found,31500.0,39000.0,
929.csv,found,0.0,7500.0,
793.csv,found,24500.0,32000.0,
143.csv,found,2500.0,10000.0,
1014.csv,found,25500.0,33000.0,
20.csv,found,21000.0,28500.0,
213.csv,found,35000.0,42500.0,
848.csv,found,25500.0,33000.0,
925.csv,found,25500.0,33000.0,
415.csv,found,14000.0,21500.0,
284.csv,found,24000.0,31500.0,
1054.csv,found,52000.0,59500.0,
345.csv,error,,,index 147000 is out of bounds for axis 0 with size 147000
585.csv,found,120500.0,128000.0,
361.csv,error,,,index 90000 is out of bounds for axis 0 with size 90000
388.csv,found,104500.0,112000.0,
233.csv,found,109000.0,116500.0,
105.csv,error,,,index 60000 is out of bounds for axis 0 with size 60000
119.csv,found,69000.0,76500.0,
998.csv,found,41000.0,48500.0,
320.csv,found,13000.0,20500.0,
840.csv,found,45000.0,52500.0,
79.csv,found,1000.0,8500.0,
423.csv,found,126500.0,134000.0,
852.csv,found,47500.0,55000.0,
451.csv,found,14500.0,22000.0,
149.csv,found,106000.0,113500.0,
221.csv,found,110500.0,118000.0,
833.csv,not_found,,,
961.csv,found,14000.0,21500.0,
551.csv,found,69000.0,76500.0,
316.csv,found,101000.0,108500.0,
121.csv,found,96500.0,104000.0,
670.csv,not_found,,,
26.csv,found,30000.0,37500.0,
897.csv,found,26500.0,34000.0,
824.csv,found,42000.0,49500.0,
725.csv,error,,,index 150000 is out of bounds for axis 0 with size 150000
688.csv,found,51000.0,58500.0,
973.csv,found,109000.0,116500.0,
360.csv,found,53000.0,60500.0,
479.csv,found,2500.0,10000.0,
830.csv,not_found,,,
582.csv,not_found,,,
365.csv,found,106500.0,114000.0,
905.csv,found,113500.0,121000.0,
228.csv,found,128500.0,136000.0,
785.csv,error,,,index 150000 is out of bounds for axis 0 with size 150000
765.csv,found,50000.0,57500.0,
847.csv,found,37000.0,44500.0,
835.csv,found,63500.0,71000.0,
948.csv,found,15000.0,22500.0,
176.csv,found,68500.0,76000.0,
862.csv,found,47500.0,55000.0,
355.csv,found,58000.0,65500.0,
399.csv,found,91500.0,99000.0,
75.csv,not_found,,,
172.csv,found,13500.0,21000.0,
684.csv,found,18500.0,26000.0,
846.csv,found,27000.0,34500.0,
229.csv,found,67500.0,75000.0,
190.csv,found,111500.0,119000.0,
1073.csv,found,63500.0,71000.0,
159.csv,found,106000.0,113500.0,
291.csv,found,16000.0,23500.0,
492.csv,found,67000.0,74500.0,
214.csv,found,116000.0,123500.0,
616.csv,found,57500.0,65000.0,
489.csv,found,129000.0,136500.0,
834.csv,not_found,,,
1004.csv,found,1000.0,8500.0,
217.csv,found,121000.0,128500.0,
659.csv,found,79000.0,86500.0,
125.csv,found,95000.0,102500.0,
11.csv,found,130000.0,137500.0,
983.csv,found,1500.0,9000.0,
199.csv,found,15500.0,23000.0,
623.csv,found,23500.0,31000.0,
469.csv,found,116500.0,124000.0,
303.csv,found,33000.0,40500.0,
1053.csv,found,51500.0,59000.0,
942.csv,not_found,,,
1025.csv,found,18500.0,26000.0,
6.csv,found,143000.0,150500.0,
855.csv,found,25000.0,32500.0,
223.csv,found,80500.0,88000.0,
383.csv,found,77500.0,85000.0,
107.csv,found,9500.0,17000.0,
850.csv,found,48500.0,56000.0,
561.csv,found,130500.0,138000.0,
726.csv,error,,,index 60000 is out of bounds for axis 0 with size 60000
517.csv,found,42500.0,50000.0,
993.csv,found,25000.0,32500.0,
572.csv,found,39000.0,46500.0,
255.csv,found,34000.0,41500.0,
1035.csv,found,36000.0,43500.0,
620.csv,found,124500.0,132000.0,
31.csv,found,2000.0,9500.0,
708.csv,found,11000.0,18500.0,
127.csv,found,58500.0,66000.0,
56.csv,found,51500.0,59000.0,
477.csv,found,120500.0,128000.0,
1069.csv,found,43000.0,50500.0,
100.csv,found,66500.0,74000.0,
584.csv,not_found,,,
545.csv,found,27500.0,35000.0,
811.csv,found,51500.0,59000.0,
941.csv,not_found,,,
301.csv,found,19000.0,26500.0,
821.csv,found,23500.0,31000.0,
317.csv,found,128500.0,136000.0,
421.csv,found,104500.0,112000.0,
568.csv,found,122000.0,129500.0,
974.csv,error,,,index 120000 is out of bounds for axis 0 with size 120000
629.csv,found,41500.0,49000.0,
876.csv,found,42500.0,50000.0,
1056.csv,found,50500.0,58000.0,
350.csv,found,15500.0,23000.0,
1057.csv,error,,,index 60000 is out of bounds for axis 0 with size 60000
744.csv,found,30000.0,37500.0,
946.csv,found,19000.0,26500.0,
510.csv,found,105000.0,112500.0,
1012.csv,found,16500.0,24000.0,
990.csv,found,38000.0,45500.0,
486.csv,found,91000.0,98500.0,
853.csv,found,49000.0,56500.0,
464.csv,found,111000.0,118500.0,
1021.csv,found,124000.0,131500.0,
411.csv,error,,,index 116000 is out of bounds for axis 0 with size 116000
110.csv,found,50000.0,57500.0,
605.csv,found,75000.0,82500.0,
465.csv,found,91500.0,99000.0,
182.csv,not_found,,,
97.csv,found,36000.0,43500.0,
500.csv,found,30500.0,38000.0,
209.csv,found,13000.0,20500.0,
311.csv,found,90000.0,97500.0,
470.csv,found,35000.0,42500.0,
526.csv,found,28500.0,36000.0,
619.csv,found,53500.0,61000.0,
562.csv,found,138500.0,146000.0,
523.csv,found,37500.0,45000.0,
981.csv,found,1000.0,8500.0,
540.csv,found,57000.0,64500.0,
553.csv,found,66000.0,73500.0,
963.csv,found,112500.0,120000.0,
13.csv,found,135000.0,142500.0,
1031.csv,found,28500.0,36000.0,
45.csv,found,46000.0,53500.0,
857.csv,found,34500.0,42000.0,
262.csv,found,121000.0,128500.0,
898.csv,found,27000.0,34500.0,
474.csv,found,45000.0,52500.0,
817.csv,found,36500.0,44000.0,
88.csv,found,23500.0,31000.0,
184.csv,not_found,,,
106.csv,found,2500.0,10000.0,
39.csv,error,,,index 150000 is out of bounds for axis 0 with size 150000
808.csv,found,23000.0,30500.0,
931.csv,found,1500.0,9000.0,
775.csv,found,37000.0,44500.0,
18.csv,found,27000.0,34500.0,
571.csv,found,56000.0,63500.0,
140.csv,found,34500.0,42000.0,
927.csv,found,40000.0,47500.0,
705.csv,found,12500.0,20000.0,
923.csv,found,25000.0,32500.0,
570.csv,found,66000.0,73500.0,
982.csv,found,0.0,7500.0,
928.csv,found,2000.0,9500.0,
222.csv,found,90000.0,97500.0,
531.csv,found,90500.0,98000.0,
660.csv,found,77000.0,84500.0,
462.csv,found,1500.0,9000.0,
404.csv,found,64000.0,71500.0,
202.csv,found,86500.0,94000.0,
164.csv,found,163500.0,171000.0,
277.csv,found,92000.0,99500.0,
89.csv,found,66000.0,73500.0,
502.csv,found,17000.0,24500.0,
528.csv,found,59500.0,67000.0,
812.csv,found,50000.0,57500.0,
70.csv,found,47500.0,55000.0,
711.csv,found,52000.0,59500.0,
548.csv,found,85000.0,92500.0,
251.csv,found,10500.0,18000.0,
294.csv,found,64500.0,72000.0,
310.csv,found,61000.0,68500.0,
560.csv,found,140500.0,148000.0,
250.csv,found,13000.0,20500.0,
197.csv,found,7000.0,14500.0,
564.csv,found,39000.0,46500.0,
141.csv,found,30000.0,37500.0,
364.csv,found,82000.0,89500.0,
234.csv,found,98500.0,106000.0,
15.csv,found,126000.0,133500.0,
326.csv,found,25000.0,32500.0,
816.csv,found,41000.0,48500.0,
591.csv,found,39000.0,46500.0,
381.csv,found,73500.0,81000.0,
858.csv,found,14000.0,21500.0,
702.csv,found,22500.0,30000.0,
596.csv,found,20500.0,28000.0,
14.csv,found,104000.0,111500.0,
188.csv,found,0.0,7500.0,
60.csv,found,23000.0,30500.0,
124.csv,found,56500.0,64000.0,
46.csv,found,23000.0,30500.0,
718.csv,found,21500.0,29000.0,
258.csv,found,52500.0,60000.0,
253.csv,found,8000.0,15500.0,
558.csv,error,,,index 144000 is out of bounds for axis 0 with size 144000
841.csv,found,52000.0,59500.0,
654.csv,found,58500.0,66000.0,
506.csv,found,126500.0,134000.0,
430.csv,found,86000.0,93500.0,
665.csv,found,190500.0,198000.0,
597.csv,found,17000.0,24500.0,
166.csv,found,35000.0,42500.0,
353.csv,found,16500.0,24000.0,
130.csv,found,50000.0,57500.0,
748.csv,found,29000.0,36500.0,
3.csv,found,50000.0,57500.0,
552.csv,found,92000.0,99500.0,
171.csv,found,104500.0,112000.0,
1048.csv,error,,,index 150000 is out of bounds for axis 0 with size 150000
109.csv,found,51500.0,59000.0,
36.csv,found,25000.0,32500.0,
547.csv,found,71000.0,78500.0,
137.csv,found,27500.0,35000.0,
747.csv,found,18500.0,26000.0,
1029.csv,found,50000.0,57500.0,
975.csv,found,98500.0,106000.0,
132.csv,found,65000.0,72500.0,
1039.csv,found,37500.0,45000.0,
204.csv,found,112500.0,120000.0,
58.csv,found,19000.0,26500.0,
709.csv,found,12500.0,20000.0,
394.csv,found,8500.0,16000.0,
170.csv,found,88000.0,95500.0,
218.csv,found,100500.0,108000.0,
1034.csv,found,17000.0,24500.0,
376.csv,found,124000.0,131500.0,
712.csv,found,47000.0,54500.0,
787.csv,found,138500.0,146000.0,
899.csv,found,20000.0,27500.0,
232.csv,found,49500.0,57000.0,
878.csv,found,48500.0,56000.0,
334.csv,found,28000.0,35500.0,
901.csv,found,121500.0,129000.0,
635.csv,found,80500.0,88000.0,
656.csv,found,52000.0,59500.0,
944.csv,found,20500.0,28000.0,
794.csv,found,15000.0,22500.0,
638.csv,found,77000.0,84500.0,
608.csv,found,85000.0,92500.0,
129.csv,found,0.0,7500.0,
406.csv,found,82000.0,89500.0,
452.csv,found,25500.0,33000.0,
771.csv,found,48500.0,56000.0,
77.csv,not_found,,,
1047.csv,not_found,,,
27.csv,found,47500.0,55000.0,
40.csv,found,130000.0,137500.0,
965.csv,found,78000.0,85500.0,
759.csv,found,9000.0,16500.0,
782.csv,found,139000.0,146500.0,
992.csv,found,37000.0,44500.0,
652.csv,found,81500.0,89000.0,
749.csv,found,36500.0,44000.0,
904.csv,found,117000.0,124500.0,
1044.csv,found,23500.0,31000.0,
515.csv,error,,,index 90000 is out of bounds for axis 0 with size 90000
745.csv,found,18500.0,26000.0,
337.csv,found,130000.0,137500.0,
152.csv,found,62000.0,69500.0,
396.csv,found,26000.0,33500.0,
133.csv,found,86500.0,94000.0,
507.csv,found,101000.0,108500.0,
308.csv,found,94500.0,102000.0,
8.csv,found,49000.0,56500.0,
138.csv,found,43000.0,50500.0,
74.csv,found,49000.0,56500.0,
265.csv,found,66500.0,74000.0,
780.csv,found,81500.0,89000.0,
348.csv,found,33500.0,41000.0,
1058.csv,found,52000.0,59500.0,
1019.csv,found,139500.0,147000.0,
542.csv,found,35500.0,43000.0,
935.csv,found,43000.0,50500.0,
673.csv,found,101500.0,109000.0,
519.csv,found,31500.0,39000.0,
633.csv,found,25500.0,33000.0,
273.csv,found,31000.0,38500.0,
366.csv,found,88500.0,96000.0,
845.csv,found,14000.0,21500.0,
150.csv,found,46000.0,53500.0,
722.csv,error,,,index 150000 is out of bounds for axis 0 with size 150000
431.csv,found,33500.0,41000.0,
513.csv,error,,,index 106000 is out of bounds for axis 0 with size 106000
918.csv,found,38000.0,45500.0,
675.csv,found,63500.0,71000.0,
1017.csv,found,93000.0,100500.0,
1043.csv,found,45500.0,53000.0,
667.csv,not_found,,,
742.csv,found,29500.0,37000.0,
921.csv,found,13000.0,20500.0,
123.csv,found,81000.0,88500.0,
573.csv,found,67500.0,75000.0,
286.csv,found,23000.0,30500.0,
274.csv,found,76500.0,84000.0,
165.csv,found,43500.0,51000.0,
219.csv,found,46500.0,54000.0,
631.csv,found,24500.0,32000.0,
957.csv,not_found,,,
378.csv,found,96000.0,103500.0,
791.csv,found,21500.0,29000.0,
731.csv,found,24000.0,31500.0,
860.csv,found,28000.0,35500.0,
504.csv,found,72500.0,80000.0,
439.csv,found,111000.0,118500.0,
922.csv,found,13000.0,20500.0,
1067.csv,found,25500.0,33000.0,
774.csv,found,34000.0,41500.0,
73.csv,found,50500.0,58000.0,
508.csv,found,34000.0,41500.0,
379.csv,found,50000.0,57500.0,
292.csv,found,12500.0,20000.0,
938.csv,found,43000.0,50500.0,
678.csv,found,34500.0,42000.0,
803.csv,found,40000.0,47500.0,
664.csv,found,9000.0,16500.0,
826.csv,found,37500.0,45000.0,
409.csv,found,16000.0,23500.0,
674.csv,found,134000.0,141500.0,
783.csv,found,82000.0,89500.0,
279.csv,error,,,index 197000 is out of bounds for axis 0 with size 197000
167.csv,found,84000.0,91500.0,
800.csv,found,50500.0,58000.0,
471.csv,found,109000.0,116500.0,
369.csv,found,70000.0,77500.0,
139.csv,found,15500.0,23000.0,
677.csv,found,44000.0,51500.0,
1055.csv,error,,,index 60000 is out of bounds for axis 0 with size 60000
863.csv,found,31500.0,39000.0,
487.csv,found,101000.0,108500.0,
157.csv,found,119500.0,127000.0,
537.csv,found,23000.0,30500.0,
296.csv,found,55500.0,63000.0,
339.csv,found,133000.0,140500.0,
10.csv,found,88500.0,96000.0,
644.csv,found,60000.0,67500.0,
205.csv,found,36000.0,43500.0,
84.csv,found,17000.0,24500.0,
784.csv,found,52500.0,60000.0,
945.csv,found,14000.0,21500.0,
658.csv,found,53500.0,61000.0,
134.csv,found,87000.0,94500.0,
289.csv,found,39500.0,47000.0,
126.csv,found,94500.0,102000.0,
536.csv,found,72500.0,80000.0,
1001.csv,found,33500.0,41000.0,
1026.csv,found,47500.0,55000.0,
191.csv,found,39500.0,47000.0,
441.csv,found,104000.0,111500.0,
178.csv,found,55000.0,62500.0,
211.csv,found,27000.0,34500.0,
1071.csv,found,61500.0,69000.0,
900.csv,not_found,,,
626.csv,found,43000.0,50500.0,
1003.csv,not_found,,,
1062.csv,found,26500.0,34000.0,
108.csv,found,39000.0,46500.0,
278.csv,found,72500.0,80000.0,
215.csv,found,99000.0,106500.0,
842.csv,error,,,index 60000 is out of bounds for axis 0 with size 60000
671.csv,error,,,index 113000 is out of bounds for axis 0 with size 113000
216.csv,found,95500.0,103000.0,
249.csv,found,7000.0,14500.0,
1020.csv,found,100000.0,107500.0,
374.csv,found,77000.0,84500.0,
347.csv,found,124500.0,132000.0,
746.csv,found,19000.0,26500.0,
201.csv,found,50500.0,58000.0,
1063.csv,error,,,index 90000 is out of bounds for axis 0 with size 90000
984.csv,found,46000.0,53500.0,
586.csv,found,114000.0,121500.0,
649.csv,found,77500.0,85000.0,
239.csv,found,147000.0,154500.0,
580.csv,not_found,,,
87.csv,found,36000.0,43500.0,
368.csv,found,46500.0,54000.0,
524.csv,found,110500.0,118000.0,
679.csv,found,38500.0,46000.0,
767.csv,error,,,index 60000 is out of bounds for axis 0 with size 60000
757.csv,found,20000.0,27500.0,
90.csv,found,24000.0,31500.0,
200.csv,found,98500.0,106000.0,
313.csv,found,96500.0,104000.0,
418.csv,error,,,index 126000 is out of bounds for axis 0 with size 126000
457.csv,found,25000.0,32500.0,
894.csv,found,46500.0,54000.0,
325.csv,found,63500.0,71000.0,
970.csv,found,51000.0,58500.0,
402.csv,found,92000.0,99500.0,
1028.csv,found,16000.0,23500.0,
1011.csv,found,70500.0,78000.0,
952.csv,found,52000.0,59500.0,
282.csv,found,105500.0,113000.0,
977.csv,found,36000.0,43500.0,
456.csv,found,73500.0,81000.0,
224.csv,found,81500.0,89000.0,
86.csv,found,32500.0,40000.0,
371.csv,found,79000.0,86500.0,
102.csv,found,82000.0,89500.0,
838.csv,found,108000.0,115500.0,
101.csv,found,133000.0,140500.0,
437.csv,error,,,index 138000 is out of bounds for axis 0 with size 138000
703.csv,found,46500.0,54000.0,
699.csv,found,50000.0,57500.0,
611.csv,found,68000.0,75500.0,
307.csv,found,92500.0,100000.0,
566.csv,found,33000.0,40500.0,
593.csv,found,46000.0,53500.0,
433.csv,found,90000.0,97500.0,
183.csv,found,58500.0,66000.0,
647.csv,found,133000.0,140500.0,
1074.csv,found,19000.0,26500.0,
1027.csv,found,23000.0,30500.0,
4.csv,found,36500.0,44000.0,
680.csv,found,50000.0,57500.0,
949.csv,found,44000.0,51500.0,
762.csv,found,49000.0,56500.0,
1045.csv,found,0.0,7500.0,
795.csv,found,43000.0,50500.0,
595.csv,found,55000.0,62500.0,
257.csv,found,11000.0,18500.0,
870.csv,error,,,index 60000 is out of bounds for axis 0 with size 60000
632.csv,found,251500.0,259000.0,
501.csv,found,31000.0,38500.0,
33.csv,found,40000.0,47500.0,
306.csv,found,54000.0,61500.0,
76.csv,not_found,,,
268.csv,found,49000.0,56500.0,
405.csv,found,68000.0,75500.0,
882.csv,found,43500.0,51000.0,
459.csv,found,50500.0,58000.0,
64.csv,found,10500.0,18000.0,
242.csv,found,129500.0,137000.0,
527.csv,found,64000.0,71500.0,
792.csv,found,44000.0,51500.0,
971.csv,found,103500.0,111000.0,
740.csv,found,49500.0,57000.0,
80.csv,found,58500.0,66000.0,
302.csv,found,15500.0,23000.0,
314.csv,found,107000.0,114500.0,
81.csv,found,49500.0,57000.0,
496.csv,found,67500.0,75000.0,
428.csv,found,30500.0,38000.0,
907.csv,found,33500.0,41000.0,
972.csv,found,107000.0,114500.0,
995.csv,found,51500.0,59000.0,
482.csv,found,72500.0,80000.0,
959.csv,not_found,,,
609.csv,error,,,index 86000 is out of bounds for axis 0 with size 86000
380.csv,found,48500.0,56000.0,
281.csv,found,136000.0,143500.0,
512.csv,found,120500.0,128000.0,
689.csv,found,43500.0,51000.0,
685.csv,found,18000.0,25500.0,
114.csv,found,110500.0,118000.0,
1042.csv,found,51000.0,58500.0,
877.csv,found,46000.0,53500.0,
953.csv,found,44500.0,52000.0,
403.csv,found,81000.0,88500.0,
484.csv,error,,,index 135000 is out of bounds for axis 0 with size 135000
804.csv,found,49500.0,57000.0,
67.csv,found,15000.0,22500.0,
1066.csv,found,31000.0,38500.0,
318.csv,error,,,index 110000 is out of bounds for axis 0 with size 110000
590.csv,found,76000.0,83500.0,
761.csv,found,19500.0,27000.0,
707.csv,found,12000.0,19500.0,
758.csv,found,50500.0,58000.0,
416.csv,found,32000.0,39500.0,
874.csv,found,25000.0,32500.0,
676.csv,found,45500.0,53000.0,
349.csv,found,119500.0,127000.0,
892.csv,found,46000.0,53500.0,
1023.csv,found,13500.0,21000.0,
116.csv,found,152500.0,160000.0,
438.csv,found,51500.0,59000.0,
299.csv,found,16000.0,23500.0,
903.csv,found,76000.0,83500.0,
59.csv,error,,,index 60000 is out of bounds for axis 0 with size 60000
432.csv,found,66000.0,73500.0,
328.csv,found,95000.0,102500.0,
207.csv,found,101500.0,109000.0,
766.csv,error,,,index 60000 is out of bounds for axis 0 with size 60000
25.csv,found,45500.0,53000.0,
668.csv,not_found,,,
849.csv,found,25000.0,32500.0,
832.csv,not_found,,,
639.csv,found,70500.0,78000.0,
807.csv,found,32000.0,39500.0,
1059.csv,found,39500.0,47000.0,
939.csv,not_found,,,
135.csv,found,80000.0,87500.0,
884.csv,found,21000.0,28500.0,
256.csv,found,25000.0,32500.0,
958.csv,found,239500.0,247000.0,
478.csv,found,88000.0,95500.0,
187.csv,found,6500.0,14000.0,
104.csv,found,70500.0,78000.0,
890.csv,found,15000.0,22500.0,
266.csv,found,65500.0,73000.0,
329.csv,found,99500.0,107000.0,
569.csv,found,83000.0,90500.0,
643.csv,found,24500.0,32000.0,
1008.csv,error,,,index 60000 is out of bounds for axis 0 with size 60000
92.csv,found,35000.0,42500.0,
48.csv,found,38000.0,45500.0,
53.csv,error,,,index 60000 is out of bounds for axis 0 with size 60000
54.csv,error,,,index 60000 is out of bounds for axis 0 with size 60000
226.csv,found,83000.0,90500.0,
763.csv,found,51500.0,59000.0,
117.csv,found,143500.0,151000.0,
261.csv,found,98000.0,105500.0,
16.csv,found,135500.0,143000.0,
346.csv,error,,,index 119000 is out of bounds for axis 0 with size 119000
413.csv,found,34500.0,42000.0,
916.csv,error,,,index 150000 is out of bounds for axis 0 with size 150000
370.csv,found,118500.0,126000.0,
283.csv,found,67500.0,75000.0,
461.csv,found,5500.0,13000.0,
447.csv,found,95000.0,102500.0,
63.csv,found,45500.0,53000.0,
915.csv,found,132000.0,139500.0,
444.csv,found,120000.0,127500.0,
827.csv,found,47500.0,55000.0,
669.csv,found,85500.0,93000.0,
288.csv,found,67500.0,75000.0,
913.csv,error,,,index 150000 is out of bounds for axis 0 with size 150000
410.csv,found,20000.0,27500.0,
825.csv,found,52000.0,59500.0,
389.csv,found,98500.0,106000.0,
653.csv,found,85500.0,93000.0,
563.csv,found,91500.0,99000.0,
17.csv,found,138000.0,145500.0,
912.csv,found,104500.0,112000.0,
879.csv,found,48000.0,55500.0,
387.csv,found,98500.0,106000.0,
716.csv,found,31000.0,38500.0,
695.csv,found,3500.0,11000.0,
797.csv,found,37000.0,44500.0,
549.csv,found,56500.0,64000.0,
873.csv,found,12500.0,20000.0,
567.csv,found,36500.0,44000.0,
231.csv,found,77000.0,84500.0,
587.csv,found,80000.0,87500.0,
94.csv,found,36500.0,44000.0,
1005.csv,found,500.0,8000.0,
136.csv,found,15500.0,23000.0,
906.csv,found,200000.0,207500.0,
397.csv,found,6500.0,14000.0,
112.csv,error,,,index 60000 is out of bounds for axis 0 with size 60000
693.csv,found,3000.0,10500.0,
594.csv,found,87500.0,95000.0,
755.csv,found,0.0,7500.0,
275.csv,found,71000.0,78500.0,
66.csv,found,15000.0,22500.0,
384.csv,found,105500.0,113000.0,
574.csv,found,61000.0,68500.0,
579.csv,not_found,,,
420.csv,found,109500.0,117000.0,
324.csv,error,,,index 92000 is out of bounds for axis 0 with size 92000
701.csv,found,33000.0,40500.0,
565.csv,found,72000.0,79500.0,
61.csv,found,46500.0,54000.0,
98.csv,found,44000.0,51500.0,
115.csv,found,148000.0,155500.0,
490.csv,found,66000.0,73500.0,
516.csv,found,20000.0,27500.0,
407.csv,found,118000.0,125500.0,
198.csv,found,22000.0,29500.0,
343.csv,found,44000.0,51500.0,
417.csv,found,86500.0,94000.0,
625.csv,found,131500.0,139000.0,
1030.csv,found,23500.0,31000.0,
247.csv,found,54000.0,61500.0,
818.csv,found,14000.0,21500.0,
357.csv,found,70000.0,77500.0,
730.csv,error,,,index 60000 is out of bounds for axis 0 with size 60000
332.csv,found,101500.0,109000.0,
844.csv,found,46500.0,54000.0,
175.csv,found,52500.0,60000.0,
557.csv,found,62500.0,70000.0,
891.csv,found,43000.0,50500.0,
160.csv,found,33500.0,41000.0,
773.csv,found,28500.0,36000.0,
122.csv,found,26500.0,34000.0,
521.csv,found,95500.0,103000.0,
754.csv,found,35000.0,42500.0,
967.csv,error,,,index 60000 is out of bounds for axis 0 with size 60000
539.csv,found,20500.0,28000.0,
806.csv,found,30000.0,37500.0,
52.csv,error,,,index 60000 is out of bounds for axis 0 with size 60000
809.csv,found,20500.0,28000.0,
798.csv,found,15500.0,23000.0,
35.csv,found,18500.0,26000.0,
426.csv,found,95000.0,102500.0,
427.csv,found,128500.0,136000.0,
908.csv,found,48500.0,56000.0,
312.csv,found,71500.0,79000.0,
210.csv,found,6500.0,14000.0,
686.csv,found,62000.0,69500.0,
893.csv,found,41000.0,48500.0,
272.csv,found,19000.0,26500.0,
177.csv,found,39500.0,47000.0,
362.csv,found,36000.0,43500.0,
880.csv,found,44000.0,51500.0,
991.csv,found,23000.0,30500.0,
535.csv,found,100000.0,107500.0,
624.csv,found,130000.0,137500.0,
728.csv,error,,,index 60000 is out of bounds for axis 0 with size 60000
168.csv,found,82000.0,89500.0,
598.csv,found,64000.0,71500.0,
29.csv,found,2500.0,10000.0,
578.csv,found,64000.0,71500.0,
180.csv,found,55500.0,63000.0,
181.csv,not_found,,,
118.csv,found,97000.0,104500.0,
909.csv,found,42000.0,49500.0,
446.csv,found,113000.0,120500.0,
352.csv,found,33000.0,40500.0,
662.csv,found,5500.0,13000.0,
976.csv,found,37000.0,44500.0,
751.csv,found,52000.0,59500.0,
978.csv,found,43500.0,51000.0,
764.csv,error,,,index 60000 is out of bounds for axis 0 with size 60000
1065.csv,error,,,index 60000 is out of bounds for axis 0 with size 60000
493.csv,found,84500.0,92000.0,
491.csv,found,60500.0,68000.0,
646.csv,found,106500.0,114000.0,
315.csv,found,117500.0,125000.0,
544.csv,found,45000.0,52500.0,
951.csv,found,50000.0,57500.0,
429.csv,found,105500.0,113000.0,
682.csv,found,45500.0,53000.0,
592.csv,found,50000.0,57500.0,
655.csv,found,37500.0,45000.0,
883.csv,found,52000.0,59500.0,
263.csv,found,106500.0,114000.0,
810.csv,error,,,index 60000 is out of bounds for axis 0 with size 60000
161.csv,found,176500.0,184000.0,
173.csv,found,11000.0,18500.0,
488.csv,found,69000.0,76500.0,
1.csv,found,14500.0,22000.0,
721.csv,found,139000.0,146500.0,
12.csv,found,84500.0,92000.0,
472.csv,found,99500.0,107000.0,
604.csv,found,50500.0,58000.0,
741.csv,found,31500.0,39000.0,
713.csv,found,29500.0,37000.0,
724.csv,found,136500.0,144000.0,
1068.csv,found,38000.0,45500.0,
819.csv,found,43500.0,51000.0,
630.csv,found,33500.0,41000.0,
341.csv,found,31500.0,39000.0,
435.csv,found,111000.0,118500.0,
777.csv,found,31000.0,38500.0,
377.csv,found,106000.0,113500.0,
637.csv,found,55000.0,62500.0,
985.csv,found,37000.0,44500.0,
386.csv,found,90500.0,98000.0,
408.csv,found,13500.0,21000.0,
248.csv,found,76500.0,84000.0,
483.csv,found,129500.0,137000.0,
208.csv,found,126500.0,134000.0,
458.csv,found,60000.0,67500.0,
940.csv,not_found,,,
321.csv,found,52000.0,59500.0,
719.csv,found,28000.0,35500.0,
1064.csv,found,34000.0,41500.0,
769.csv,found,27000.0,34500.0,
926.csv,found,47000.0,54500.0,
481.csv,found,86500.0,94000.0,
696.csv,not_found,,,
358.csv,found,80000.0,87500.0,
367.csv,found,126500.0,134000.0,
994.csv,found,48000.0,55500.0,
69.csv,found,235500.0,243000.0,
641.csv,found,52000.0,59500.0,
448.csv,found,84000.0,91500.0,
1036.csv,found,23500.0,31000.0,
85.csv,found,84500.0,92000.0,
240.csv,found,123000.0,130500.0,
419.csv,found,84000.0,91500.0,
264.csv,found,62000.0,69500.0,
293.csv,found,30000.0,37500.0,
950.csv,found,57000.0,64500.0,
550.csv,found,119500.0,127000.0,
872.csv,found,41000.0,48500.0,
606.csv,error,,,index 113000 is out of bounds for axis 0 with size 113000
241.csv,found,131500.0,139000.0,
720.csv,found,51000.0,58500.0,
212.csv,found,24500.0,32000.0,
28.csv,found,2000.0,9500.0,
756.csv,found,4000.0,11500.0,
932.csv,found,0.0,7500.0,
21.csv,found,36500.0,44000.0,
622.csv,found,78000.0,85500.0,
7.csv,found,50000.0,57500.0,
851.csv,found,91000.0,98500.0,
163.csv,found,38500.0,46000.0,
947.csv,found,42000.0,49500.0,
576.csv,found,57500.0,65000.0,
737.csv,found,46000.0,53500.0,
1015.csv,found,7500.0,15000.0,
391.csv,found,56000.0,63500.0,
828.csv,found,24000.0,31500.0,
392.csv,found,118000.0,125500.0,
1049.csv,found,55500.0,63000.0,
480.csv,found,78500.0,86000.0,
1072.csv,found,60500.0,68000.0,
336.csv,found,114500.0,122000.0,
734.csv,found,35000.0,42500.0,
996.csv,found,31000.0,38500.0,
796.csv,found,23000.0,30500.0,
788.csv,found,42500.0,50000.0,
91.csv,found,45500.0,53000.0,
739.csv,found,27000.0,34500.0,
813.csv,found,52000.0,59500.0,
618.csv,found,119000.0,126500.0,
683.csv,found,24500.0,32000.0,
1040.csv,found,34500.0,42000.0,
206.csv,found,83500.0,91000.0,
47.csv,found,19000.0,26500.0,
390.csv,found,14500.0,22000.0,
805.csv,found,38500.0,46000.0,
19.csv,found,48000.0,55500.0,
424.csv,found,24000.0,31500.0,
189.csv,found,0.0,7500.0,
71.csv,found,39000.0,46500.0,
144.csv,found,2500.0,10000.0,
505.csv,found,102000.0,109500.0,
382.csv,found,31500.0,39000.0,
895.csv,found,50000.0,57500.0,
672.csv,error,,,index 126000 is out of bounds for axis 0 with size 126000
395.csv,found,7000.0,14500.0,
44.csv,found,22000.0,29500.0,
1060.csv,found,31500.0,39000.0,
910.csv,found,51500.0,59000.0,
196.csv,found,12000.0,19500.0,
687.csv,found,52000.0,59500.0,
603.csv,found,47500.0,55000.0,
867.csv,found,52000.0,59500.0,
57.csv,found,48000.0,55500.0,
440.csv,found,108500.0,116000.0,
354.csv,found,50500.0,58000.0,
1007.csv,found,51500.0,59000.0,
717.csv,found,25000.0,32500.0,
497.csv,found,128000.0,135500.0,
9.csv,found,45500.0,53000.0,
520.csv,found,92000.0,99500.0,
1046.csv,not_found,,,
230.csv,found,92500.0,100000.0,
1061.csv,found,50500.0,58000.0,
986.csv,found,36000.0,43500.0,
752.csv,found,40500.0,48000.0,
634.csv,found,15000.0,22500.0,
412.csv,found,106000.0,113500.0,
692.csv,found,35000.0,42500.0,
691.csv,found,37000.0,44500.0,
179.csv,found,114500.0,122000.0,
319.csv,found,26500.0,34000.0,
612.csv,found,103000.0,110500.0,
760.csv,found,30500.0,38000.0,
836.csv,found,72000.0,79500.0,
236.csv,found,56000.0,63500.0,
5.csv,found,22500.0,30000.0,
854.csv,found,40500.0,48000.0,
538.csv,found,38500.0,46000.0,
546.csv,found,38500.0,46000.0,
330.csv,found,95500.0,103000.0,
453.csv,found,38500.0,46000.0,
732.csv,found,44500.0,52000.0,
323.csv,found,26500.0,34000.0,
509.csv,found,45000.0,52500.0,
300.csv,error,,,index 140000 is out of bounds for axis 0 with size 140000
964.csv,found,125000.0,132500.0,
968.csv,found,49500.0,57000.0,
23.csv,found,65500.0,73000.0,
401.csv,found,103500.0,111000.0,
425.csv,found,94000.0,101500.0,
980.csv,found,0.0,7500.0,
738.csv,found,36000.0,43500.0,
934.csv,found,49000.0,56500.0,
463.csv,error,,,index 133000 is out of bounds for axis 0 with size 133000
372.csv,found,99000.0,106500.0,
690.csv,error,,,index 60000 is out of bounds for axis 0 with size 60000
801.csv,found,49500.0,57000.0,
657.csv,found,69000.0,76500.0,
735.csv,found,30500.0,38000.0,
776.csv,found,19500.0,27000.0,
120.csv,found,66500.0,74000.0,
147.csv,found,19500.0,27000.0,
581.csv,not_found,,,
476.csv,found,86000.0,93500.0,
750.csv,found,44000.0,51500.0,
499.csv,found,35000.0,42500.0,
943.csv,not_found,,,
363.csv,found,78500.0,86000.0,
238.csv,found,141500.0,149000.0,
151.csv,found,81500.0,89000.0,
615.csv,found,83000.0,90500.0,
237.csv,found,118000.0,125500.0,
530.csv,found,247500.0,255000.0,
966.csv,error,,,index 60000 is out of bounds for axis 0 with size 60000
495.csv,found,37500.0,45000.0,
799.csv,found,62000.0,69500.0,
663.csv,found,121500.0,129000.0,
814.csv,found,51000.0,58500.0,
442.csv,found,12500.0,20000.0,
666.csv,not_found,,,
790.csv,found,33000.0,40500.0,
103.csv,found,61000.0,68500.0,
351.csv,found,49500.0,57000.0,
235.csv,found,14500.0,22000.0,
287.csv,found,15500.0,23000.0,
989.csv,found,36500.0,44000.0,
543.csv,found,84000.0,91500.0,
55.csv,found,52000.0,59500.0,
865.csv,found,26500.0,34000.0,
602.csv,found,44000.0,51500.0,
252.csv,found,9500.0,17000.0,
375.csv,found,56000.0,63500.0,
610.csv,found,64500.0,72000.0,
533.csv,found,98000.0,105500.0,
1070.csv,found,89500.0,97000.0,
83.csv,found,27000.0,34500.0,
864.csv,error,,,index 60000 is out of bounds for axis 0 with size 60000
522.csv,found,76000.0,83500.0,
831.csv,found,17500.0,25000.0,
588.csv,found,85000.0,92500.0,
962.csv,found,22500.0,30000.0,
956.csv,not_found,,,
933.csv,found,39000.0,46500.0,
987.csv,found,35000.0,42500.0,
999.csv,found,35000.0,42500.0,
555.csv,found,11500.0,19000.0,
156.csv,found,130500.0,138000.0,
466.csv,found,116500.0,124000.0,
393.csv,found,141500.0,149000.0,
460.csv,error,,,index 90000 is out of bounds for axis 0 with size 90000
38.csv,found,142000.0,149500.0,
839.csv,found,118500.0,126000.0,
37.csv,found,24000.0,31500.0,
227.csv,found,89000.0,96500.0,
271.csv,found,75500.0,83000.0,
193.csv,found,70000.0,77500.0,
554.csv,found,6000.0,13500.0,
822.csv,found,51500.0,59000.0,
245.csv,found,48000.0,55500.0,
727.csv,error,,,index 60000 is out of bounds for axis 0 with size 60000
979.csv,found,34500.0,42000.0,
704.csv,found,41500.0,49000.0,
779.csv,found,124000.0,131500.0,
917.csv,found,21500.0,29000.0,
621.csv,found,84000.0,91500.0,
473.csv,found,50500.0,58000.0,
868.csv,found,49500.0,57000.0,
954.csv,error,,,index 60000 is out of bounds for axis 0 with size 60000
498.csv,found,20000.0,27500.0,
714.csv,found,51500.0,59000.0,
837.csv,found,118000.0,125500.0,
640.csv,found,59500.0,67000.0,
875.csv,found,35500.0,43000.0,
617.csv,found,72000.0,79500.0,
723.csv,found,135500.0,143000.0,
997.csv,found,36000.0,43500.0,
153.csv,found,50500.0,58000.0,
494.csv,found,76500.0,84000.0,
327.csv,found,51000.0,58500.0,
225.csv,error,,,index 122000 is out of bounds for axis 0 with size 122000
829.csv,error,,,index 60000 is out of bounds for axis 0 with size 60000
1038.csv,found,43500.0,51000.0,
162.csv,found,178500.0,186000.0,
556.csv,found,4000.0,11500.0,
436.csv,found,81000.0,88500.0,
871.csv,found,28000.0,35500.0,
270.csv,found,50000.0,57500.0,
113.csv,error,,,index 40000 is out of bounds for axis 0 with size 40000
267.csv,found,41500.0,49000.0,
642.csv,found,48500.0,56000.0,
344.csv,found,59500.0,67000.0,
335.csv,found,126000.0,133500.0,
529.csv,found,1000.0,8500.0,
185.csv,found,0.0,7500.0,
650.csv,found,73000.0,80500.0,
869.csv,found,51000.0,58500.0,
203.csv,found,67500.0,75000.0,
422.csv,found,99000.0,106500.0,
295.csv,error,,,index 88000 is out of bounds for axis 0 with size 88000
338.csv,found,28500.0,36000.0,
290.csv,error,,,index 117000 is out of bounds for axis 0 with size 117000
259.csv,found,107500.0,115000.0,
1000.csv,not_found,,,
148.csv,found,32500.0,40000.0,
155.csv,found,110000.0,117500.0,
450.csv,found,41000.0,48500.0,
815.csv,found,51500.0,59000.0,
955.csv,found,51500.0,59000.0,
525.csv,found,32000.0,39500.0,
356.csv,found,123000.0,130500.0,
333.csv,error,,,index 90000 is out of bounds for axis 0 with size 90000
820.csv,found,44000.0,51500.0,
454.csv,found,113000.0,120500.0,
1022.csv,found,51000.0,58500.0,
1016.csv,found,1500.0,9000.0,
32.csv,found,0.0,7500.0,
988.csv,found,36000.0,43500.0,
243.csv,found,146500.0,154000.0,
661.csv,found,11500.0,19000.0,
